test,kernel_width
categorization,0.2640425317597489
null_test,0.15693966916998967
polarity,0.07824217174897144
