Year,Model Name,Categorization Test,Null Test,Polarity Test
1990,Centroid Model,0.5963302752293578,0.7816326530612245,0.8103975535168195
1990,kNN Model,0.6116207951070336,0.7959183673469388,0.8562691131498471
1990,Naive Bayes Model,0.5565749235474006,0.8163265306122449,0.8287461773700305
1990,FDA Model,0.5596330275229358,0.8285714285714286,0.8195718654434251
1990,Exemplar,0.5840978593272171,0.8121085594989561,0.8256880733944955
