test,average_accuracy
polarity,0.8896634615384615
null_test,0.8254545454545452
categorization,0.7028846153846153
