test,average_accuracy
null_test,0.8263570934911708
polarity,0.8722133819398177
categorization,0.6597421774804542
