test,average_accuracy
null_test,0.8187272727272727
categorization,0.6822115384615385
polarity,0.8920673076923078
