test,average_accuracy
null_test,0.8151939655172414
categorization,0.710344827586207
polarity,0.8933189655172417
