test,average_accuracy
null_test,0.8174528301886792
polarity,0.8949056603773584
categorization,0.6428301886792454
