test,average_accuracy
polarity,0.9009101941747574
null_test,0.7868021844660193
categorization,0.6528519417475729
