test,average_accuracy
categorization,0.6916868932038834
null_test,0.8077669902912621
polarity,0.9073422330097086
