test,average_accuracy
categorization,0.6096226415094338
null_test,0.8205660377358491
polarity,0.9120754716981132
