test,average_accuracy
categorization,0.6883643617021276
null_test,0.7941821808510638
polarity,0.8958111702127658
