Categorization Test,Model Name,Null Test,Polarity Test,Year
0.6778846153846154,centroid,0.8109090909090909,0.8894230769230769,1800
0.6826923076923077,centroid,0.8254545454545454,0.8653846153846154,1810
0.6730769230769231,centroid,0.8254545454545454,0.8701923076923077,1820
0.6826923076923077,centroid,0.8290909090909091,0.8990384615384616,1830
0.6971153846153846,centroid,0.8327272727272728,0.8798076923076923,1840
0.6682692307692307,centroid,0.8363636363636363,0.8798076923076923,1850
0.6923076923076923,centroid,0.8436363636363636,0.8894230769230769,1860
0.6971153846153846,centroid,0.8363636363636363,0.8894230769230769,1870
0.7115384615384616,centroid,0.8327272727272728,0.903846153846154,1880
0.7307692307692307,centroid,0.8436363636363636,0.9230769230769232,1890
0.7403846153846154,centroid,0.8290909090909091,0.9230769230769232,1900
0.7307692307692307,centroid,0.8254545454545454,0.8942307692307693,1910
0.7307692307692307,centroid,0.8363636363636363,0.903846153846154,1920
0.7019230769230769,centroid,0.8254545454545454,0.8942307692307693,1930
0.6923076923076923,centroid,0.8145454545454546,0.8990384615384616,1940
0.7115384615384616,centroid,0.8218181818181818,0.875,1950
0.7163461538461539,centroid,0.8036363636363636,0.8701923076923077,1960
0.7067307692307693,centroid,0.8109090909090909,0.8846153846153846,1970
0.7115384615384616,centroid,0.8109090909090909,0.8894230769230769,1980
0.7019230769230769,centroid,0.8145454545454546,0.8701923076923077,1990
