test,average_accuracy
null_test,0.7941821808510638
categorization,0.6883643617021276
polarity,0.8958111702127658
