test,average_accuracy
categorization,0.710344827586207
null_test,0.8151939655172414
polarity,0.8933189655172417
