test,average_accuracy
categorization,0.6096226415094338
polarity,0.9120754716981132
null_test,0.8266037735849057
