test,average_accuracy
polarity,0.8949056603773584
null_test,0.823301886792453
categorization,0.6428301886792454
