test,average_accuracy
null_test,0.8193816489361702
categorization,0.7188164893617022
polarity,0.9061835106382977
