test,average_accuracy
null_test,0.8230188679245284
categorization,0.6405660377358491
polarity,0.9045283018867923
