test,average_accuracy
polarity,0.9009101941747574
categorization,0.6528519417475729
null_test,0.8010922330097088
