test,average_accuracy
null_test,0.8267597087378642
categorization,0.6916868932038834
polarity,0.9073422330097086
